tile_id,tile_name,image_path,metadata_path,valid_mask_path,source,crs,col_off,row_off,width,height,valid_ratio
0,Almaty_1_tile_00000,data/tiles/almaty/Almaty_1/images/Almaty_1_tile_00000.png,data/tiles/almaty/Almaty_1/metadata/Almaty_1_tile_00000.json,data/tiles/almaty/Almaty_1/valid_masks/Almaty_1_tile_00000_valid.png,Almaty_1.tif,EPSG:4326,0,0,1024,1024,0.12158
1,Almaty_1_tile_00001,data/tiles/almaty/Almaty_1/images/Almaty_1_tile_00001.png,data/tiles/almaty/Almaty_1/metadata/Almaty_1_tile_00001.json,data/tiles/almaty/Almaty_1/valid_masks/Almaty_1_tile_00001_valid.png,Almaty_1.tif,EPSG:4326,896,0,1024,1024,0.18091
2,Almaty_1_tile_00002,data/tiles/almaty/Almaty_1/images/Almaty_1_tile_00002.png,data/tiles/almaty/Almaty_1/metadata/Almaty_1_tile_00002.json,data/tiles/almaty/Almaty_1/valid_masks/Almaty_1_tile_00002_valid.png,Almaty_1.tif,EPSG:4326,1792,0,1024,1024,0.23965
3,Almaty_1_tile_00003,data/tiles/almaty/Almaty_1/images/Almaty_1_tile_00003.png,data/tiles/almaty/Almaty_1/metadata/Almaty_1_tile_00003.json,data/tiles/almaty/Almaty_1/valid_masks/Almaty_1_tile_00003_valid.png,Almaty_1.tif,EPSG:4326,2688,0,1024,1024,0.29839
4,Almaty_1_tile_00004,data/tiles/almaty/Almaty_1/images/Almaty_1_tile_00004.png,data/tiles/almaty/Almaty_1/metadata/Almaty_1_tile_00004.json,data/tiles/almaty/Almaty_1/valid_masks/Almaty_1_tile_00004_valid.png,Almaty_1.tif,EPSG:4326,3584,0,1024,1024,0.35712
5,Almaty_1_tile_00005,data/tiles/almaty/Almaty_1/images/Almaty_1_tile_00005.png,data/tiles/almaty/Almaty_1/metadata/Almaty_1_tile_00005.json,data/tiles/almaty/Almaty_1/valid_masks/Almaty_1_tile_00005_valid.png,Almaty_1.tif,EPSG:4326,4480,0,1024,1024,0.41586
6,Almaty_1_tile_00006,data/tiles/almaty/Almaty_1/images/Almaty_1_tile_00006.png,data/tiles/almaty/Almaty_1/metadata/Almaty_1_tile_00006.json,data/tiles/almaty/Almaty_1/valid_masks/Almaty_1_tile_00006_valid.png,Almaty_1.tif,EPSG:4326,5376,0,1024,1024,0.4746
7,Almaty_1_tile_00007,data/tiles/almaty/Almaty_1/images/Almaty_1_tile_00007.png,data/tiles/almaty/Almaty_1/metadata/Almaty_1_tile_00007.json,data/tiles/almaty/Almaty_1/valid_masks/Almaty_1_tile_00007_valid.png,Almaty_1.tif,EPSG:4326,6272,0,1024,1024,0.53333
8,Almaty_1_tile_00008,data/tiles/almaty/Almaty_1/images/Almaty_1_tile_00008.png,data/tiles/almaty/Almaty_1/metadata/Almaty_1_tile_00008.json,data/tiles/almaty/Almaty_1/valid_masks/Almaty_1_tile_00008_valid.png,Almaty_1.tif,EPSG:4326,7168,0,1024,1024,0.59207
9,Almaty_1_tile_00009,data/tiles/almaty/Almaty_1/images/Almaty_1_tile_00009.png,data/tiles/almaty/Almaty_1/metadata/Almaty_1_tile_00009.json,data/tiles/almaty/Almaty_1/valid_masks/Almaty_1_tile_00009_valid.png,Almaty_1.tif,EPSG:4326,8064,0,1024,1024,0.65081
10,Almaty_1_tile_00010,data/tiles/almaty/Almaty_1/images/Almaty_1_tile_00010.png,data/tiles/almaty/Almaty_1/metadata/Almaty_1_tile_00010.json,data/tiles/almaty/Almaty_1/valid_masks/Almaty_1_tile_00010_valid.png,Almaty_1.tif,EPSG:4326,8960,0,1024,1024,0.70955
11,Almaty_1_tile_00011,data/tiles/almaty/Almaty_1/images/Almaty_1_tile_00011.png,data/tiles/almaty/Almaty_1/metadata/Almaty_1_tile_00011.json,data/tiles/almaty/Almaty_1/valid_masks/Almaty_1_tile_00011_valid.png,Almaty_1.tif,EPSG:4326,9856,0,1024,1024,0.76829
12,Almaty_1_tile_00012,data/tiles/almaty/Almaty_1/images/Almaty_1_tile_00012.png,data/tiles/almaty/Almaty_1/metadata/Almaty_1_tile_00012.json,data/tiles/almaty/Almaty_1/valid_masks/Almaty_1_tile_00012_valid.png,Almaty_1.tif,EPSG:4326,10752,0,1024,1024,0.82702
13,Almaty_1_tile_00013,data/tiles/almaty/Almaty_1/images/Almaty_1_tile_00013.png,data/tiles/almaty/Almaty_1/metadata/Almaty_1_tile_00013.json,data/tiles/almaty/Almaty_1/valid_masks/Almaty_1_tile_00013_valid.png,Almaty_1.tif,EPSG:4326,11648,0,1024,1024,0.88576
14,Almaty_1_tile_00014,data/tiles/almaty/Almaty_1/images/Almaty_1_tile_00014.png,data/tiles/almaty/Almaty_1/metadata/Almaty_1_tile_00014.json,data/tiles/almaty/Almaty_1/valid_masks/Almaty_1_tile_00014_valid.png,Almaty_1.tif,EPSG:4326,12544,0,1024,1024,0.9445
15,Almaty_1_tile_00015,data/tiles/almaty/Almaty_1/images/Almaty_1_tile_00015.png,data/tiles/almaty/Almaty_1/metadata/Almaty_1_tile_00015.json,data/tiles/almaty/Almaty_1/valid_masks/Almaty_1_tile_00015_valid.png,Almaty_1.tif,EPSG:4326,13440,0,1024,1024,0.50351
16,Almaty_1_tile_00016,data/tiles/almaty/Almaty_1/images/Almaty_1_tile_00016.png,data/tiles/almaty/Almaty_1/metadata/Almaty_1_tile_00016.json,data/tiles/almaty/Almaty_1/valid_masks/Almaty_1_tile_00016_valid.png,Almaty_1.tif,EPSG:4326,0,896,1024,1024,0.92816
17,Almaty_1_tile_00017,data/tiles/almaty/Almaty_1/images/Almaty_1_tile_00017.png,data/tiles/almaty/Almaty_1/metadata/Almaty_1_tile_00017.json,data/tiles/almaty/Almaty_1/valid_masks/Almaty_1_tile_00017_valid.png,Almaty_1.tif,EPSG:4326,896,896,1024,1024,1.0
18,Almaty_1_tile_00018,data/tiles/almaty/Almaty_1/images/Almaty_1_tile_00018.png,data/tiles/almaty/Almaty_1/metadata/Almaty_1_tile_00018.json,data/tiles/almaty/Almaty_1/valid_masks/Almaty_1_tile_00018_valid.png,Almaty_1.tif,EPSG:4326,1792,896,1024,1024,1.0
19,Almaty_1_tile_00019,data/tiles/almaty/Almaty_1/images/Almaty_1_tile_00019.png,data/tiles/almaty/Almaty_1/metadata/Almaty_1_tile_00019.json,data/tiles/almaty/Almaty_1/valid_masks/Almaty_1_tile_00019_valid.png,Almaty_1.tif,EPSG:4326,2688,896,1024,1024,1.0
20,Almaty_1_tile_00020,data/tiles/almaty/Almaty_1/images/Almaty_1_tile_00020.png,data/tiles/almaty/Almaty_1/metadata/Almaty_1_tile_00020.json,data/tiles/almaty/Almaty_1/valid_masks/Almaty_1_tile_00020_valid.png,Almaty_1.tif,EPSG:4326,3584,896,1024,1024,1.0
21,Almaty_1_tile_00021,data/tiles/almaty/Almaty_1/images/Almaty_1_tile_00021.png,data/tiles/almaty/Almaty_1/metadata/Almaty_1_tile_00021.json,data/tiles/almaty/Almaty_1/valid_masks/Almaty_1_tile_00021_valid.png,Almaty_1.tif,EPSG:4326,4480,896,1024,1024,1.0
22,Almaty_1_tile_00022,data/tiles/almaty/Almaty_1/images/Almaty_1_tile_00022.png,data/tiles/almaty/Almaty_1/metadata/Almaty_1_tile_00022.json,data/tiles/almaty/Almaty_1/valid_masks/Almaty_1_tile_00022_valid.png,Almaty_1.tif,EPSG:4326,5376,896,1024,1024,1.0
23,Almaty_1_tile_00023,data/tiles/almaty/Almaty_1/images/Almaty_1_tile_00023.png,data/tiles/almaty/Almaty_1/metadata/Almaty_1_tile_00023.json,data/tiles/almaty/Almaty_1/valid_masks/Almaty_1_tile_00023_valid.png,Almaty_1.tif,EPSG:4326,6272,896,1024,1024,1.0
24,Almaty_1_tile_00024,data/tiles/almaty/Almaty_1/images/Almaty_1_tile_00024.png,data/tiles/almaty/Almaty_1/metadata/Almaty_1_tile_00024.json,data/tiles/almaty/Almaty_1/valid_masks/Almaty_1_tile_00024_valid.png,Almaty_1.tif,EPSG:4326,7168,896,1024,1024,1.0
25,Almaty_1_tile_00025,data/tiles/almaty/Almaty_1/images/Almaty_1_tile_00025.png,data/tiles/almaty/Almaty_1/metadata/Almaty_1_tile_00025.json,data/tiles/almaty/Almaty_1/valid_masks/Almaty_1_tile_00025_valid.png,Almaty_1.tif,EPSG:4326,8064,896,1024,1024,1.0
26,Almaty_1_tile_00026,data/tiles/almaty/Almaty_1/images/Almaty_1_tile_00026.png,data/tiles/almaty/Almaty_1/metadata/Almaty_1_tile_00026.json,data/tiles/almaty/Almaty_1/valid_masks/Almaty_1_tile_00026_valid.png,Almaty_1.tif,EPSG:4326,8960,896,1024,1024,1.0
27,Almaty_1_tile_00027,data/tiles/almaty/Almaty_1/images/Almaty_1_tile_00027.png,data/tiles/almaty/Almaty_1/metadata/Almaty_1_tile_00027.json,data/tiles/almaty/Almaty_1/valid_masks/Almaty_1_tile_00027_valid.png,Almaty_1.tif,EPSG:4326,9856,896,1024,1024,1.0
28,Almaty_1_tile_00028,data/tiles/almaty/Almaty_1/images/Almaty_1_tile_00028.png,data/tiles/almaty/Almaty_1/metadata/Almaty_1_tile_00028.json,data/tiles/almaty/Almaty_1/valid_masks/Almaty_1_tile_00028_valid.png,Almaty_1.tif,EPSG:4326,10752,896,1024,1024,1.0
29,Almaty_1_tile_00029,data/tiles/almaty/Almaty_1/images/Almaty_1_tile_00029.png,data/tiles/almaty/Almaty_1/metadata/Almaty_1_tile_00029.json,data/tiles/almaty/Almaty_1/valid_masks/Almaty_1_tile_00029_valid.png,Almaty_1.tif,EPSG:4326,11648,896,1024,1024,1.0
30,Almaty_1_tile_00030,data/tiles/almaty/Almaty_1/images/Almaty_1_tile_00030.png,data/tiles/almaty/Almaty_1/metadata/Almaty_1_tile_00030.json,data/tiles/almaty/Almaty_1/valid_masks/Almaty_1_tile_00030_valid.png,Almaty_1.tif,EPSG:4326,12544,896,1024,1024,1.0
31,Almaty_1_tile_00031,data/tiles/almaty/Almaty_1/images/Almaty_1_tile_00031.png,data/tiles/almaty/Almaty_1/metadata/Almaty_1_tile_00031.json,data/tiles/almaty/Almaty_1/valid_masks/Almaty_1_tile_00031_valid.png,Almaty_1.tif,EPSG:4326,13440,896,1024,1024,0.63659
32,Almaty_1_tile_00032,data/tiles/almaty/Almaty_1/images/Almaty_1_tile_00032.png,data/tiles/almaty/Almaty_1/metadata/Almaty_1_tile_00032.json,data/tiles/almaty/Almaty_1/valid_masks/Almaty_1_tile_00032_valid.png,Almaty_1.tif,EPSG:4326,0,1792,1024,1024,0.82283
33,Almaty_1_tile_00033,data/tiles/almaty/Almaty_1/images/Almaty_1_tile_00033.png,data/tiles/almaty/Almaty_1/metadata/Almaty_1_tile_00033.json,data/tiles/almaty/Almaty_1/valid_masks/Almaty_1_tile_00033_valid.png,Almaty_1.tif,EPSG:4326,896,1792,1024,1024,1.0
34,Almaty_1_tile_00034,data/tiles/almaty/Almaty_1/images/Almaty_1_tile_00034.png,data/tiles/almaty/Almaty_1/metadata/Almaty_1_tile_00034.json,data/tiles/almaty/Almaty_1/valid_masks/Almaty_1_tile_00034_valid.png,Almaty_1.tif,EPSG:4326,1792,1792,1024,1024,1.0
35,Almaty_1_tile_00035,data/tiles/almaty/Almaty_1/images/Almaty_1_tile_00035.png,data/tiles/almaty/Almaty_1/metadata/Almaty_1_tile_00035.json,data/tiles/almaty/Almaty_1/valid_masks/Almaty_1_tile_00035_valid.png,Almaty_1.tif,EPSG:4326,2688,1792,1024,1024,1.0
36,Almaty_1_tile_00036,data/tiles/almaty/Almaty_1/images/Almaty_1_tile_00036.png,data/tiles/almaty/Almaty_1/metadata/Almaty_1_tile_00036.json,data/tiles/almaty/Almaty_1/valid_masks/Almaty_1_tile_00036_valid.png,Almaty_1.tif,EPSG:4326,3584,1792,1024,1024,1.0
37,Almaty_1_tile_00037,data/tiles/almaty/Almaty_1/images/Almaty_1_tile_00037.png,data/tiles/almaty/Almaty_1/metadata/Almaty_1_tile_00037.json,data/tiles/almaty/Almaty_1/valid_masks/Almaty_1_tile_00037_valid.png,Almaty_1.tif,EPSG:4326,4480,1792,1024,1024,1.0
38,Almaty_1_tile_00038,data/tiles/almaty/Almaty_1/images/Almaty_1_tile_00038.png,data/tiles/almaty/Almaty_1/metadata/Almaty_1_tile_00038.json,data/tiles/almaty/Almaty_1/valid_masks/Almaty_1_tile_00038_valid.png,Almaty_1.tif,EPSG:4326,5376,1792,1024,1024,1.0
39,Almaty_1_tile_00039,data/tiles/almaty/Almaty_1/images/Almaty_1_tile_00039.png,data/tiles/almaty/Almaty_1/metadata/Almaty_1_tile_00039.json,data/tiles/almaty/Almaty_1/valid_masks/Almaty_1_tile_00039_valid.png,Almaty_1.tif,EPSG:4326,6272,1792,1024,1024,1.0
40,Almaty_1_tile_00040,data/tiles/almaty/Almaty_1/images/Almaty_1_tile_00040.png,data/tiles/almaty/Almaty_1/metadata/Almaty_1_tile_00040.json,data/tiles/almaty/Almaty_1/valid_masks/Almaty_1_tile_00040_valid.png,Almaty_1.tif,EPSG:4326,7168,1792,1024,1024,1.0
41,Almaty_1_tile_00041,data/tiles/almaty/Almaty_1/images/Almaty_1_tile_00041.png,data/tiles/almaty/Almaty_1/metadata/Almaty_1_tile_00041.json,data/tiles/almaty/Almaty_1/valid_masks/Almaty_1_tile_00041_valid.png,Almaty_1.tif,EPSG:4326,8064,1792,1024,1024,1.0
42,Almaty_1_tile_00042,data/tiles/almaty/Almaty_1/images/Almaty_1_tile_00042.png,data/tiles/almaty/Almaty_1/metadata/Almaty_1_tile_00042.json,data/tiles/almaty/Almaty_1/valid_masks/Almaty_1_tile_00042_valid.png,Almaty_1.tif,EPSG:4326,8960,1792,1024,1024,1.0
43,Almaty_1_tile_00043,data/tiles/almaty/Almaty_1/images/Almaty_1_tile_00043.png,data/tiles/almaty/Almaty_1/metadata/Almaty_1_tile_00043.json,data/tiles/almaty/Almaty_1/valid_masks/Almaty_1_tile_00043_valid.png,Almaty_1.tif,EPSG:4326,9856,1792,1024,1024,1.0
44,Almaty_1_tile_00044,data/tiles/almaty/Almaty_1/images/Almaty_1_tile_00044.png,data/tiles/almaty/Almaty_1/metadata/Almaty_1_tile_00044.json,data/tiles/almaty/Almaty_1/valid_masks/Almaty_1_tile_00044_valid.png,Almaty_1.tif,EPSG:4326,10752,1792,1024,1024,1.0
45,Almaty_1_tile_00045,data/tiles/almaty/Almaty_1/images/Almaty_1_tile_00045.png,data/tiles/almaty/Almaty_1/metadata/Almaty_1_tile_00045.json,data/tiles/almaty/Almaty_1/valid_masks/Almaty_1_tile_00045_valid.png,Almaty_1.tif,EPSG:4326,11648,1792,1024,1024,1.0
46,Almaty_1_tile_00046,data/tiles/almaty/Almaty_1/images/Almaty_1_tile_00046.png,data/tiles/almaty/Almaty_1/metadata/Almaty_1_tile_00046.json,data/tiles/almaty/Almaty_1/valid_masks/Almaty_1_tile_00046_valid.png,Almaty_1.tif,EPSG:4326,12544,1792,1024,1024,1.0
47,Almaty_1_tile_00047,data/tiles/almaty/Almaty_1/images/Almaty_1_tile_00047.png,data/tiles/almaty/Almaty_1/metadata/Almaty_1_tile_00047.json,data/tiles/almaty/Almaty_1/valid_masks/Almaty_1_tile_00047_valid.png,Almaty_1.tif,EPSG:4326,13440,1792,1024,1024,0.76283
48,Almaty_1_tile_00048,data/tiles/almaty/Almaty_1/images/Almaty_1_tile_00048.png,data/tiles/almaty/Almaty_1/metadata/Almaty_1_tile_00048.json,data/tiles/almaty/Almaty_1/valid_masks/Almaty_1_tile_00048_valid.png,Almaty_1.tif,EPSG:4326,0,2688,1024,1024,0.70759
49,Almaty_1_tile_00049,data/tiles/almaty/Almaty_1/images/Almaty_1_tile_00049.png,data/tiles/almaty/Almaty_1/metadata/Almaty_1_tile_00049.json,data/tiles/almaty/Almaty_1/valid_masks/Almaty_1_tile_00049_valid.png,Almaty_1.tif,EPSG:4326,896,2688,1024,1024,1.0
50,Almaty_1_tile_00050,data/tiles/almaty/Almaty_1/images/Almaty_1_tile_00050.png,data/tiles/almaty/Almaty_1/metadata/Almaty_1_tile_00050.json,data/tiles/almaty/Almaty_1/valid_masks/Almaty_1_tile_00050_valid.png,Almaty_1.tif,EPSG:4326,1792,2688,1024,1024,1.0
51,Almaty_1_tile_00051,data/tiles/almaty/Almaty_1/images/Almaty_1_tile_00051.png,data/tiles/almaty/Almaty_1/metadata/Almaty_1_tile_00051.json,data/tiles/almaty/Almaty_1/valid_masks/Almaty_1_tile_00051_valid.png,Almaty_1.tif,EPSG:4326,2688,2688,1024,1024,1.0
52,Almaty_1_tile_00052,data/tiles/almaty/Almaty_1/images/Almaty_1_tile_00052.png,data/tiles/almaty/Almaty_1/metadata/Almaty_1_tile_00052.json,data/tiles/almaty/Almaty_1/valid_masks/Almaty_1_tile_00052_valid.png,Almaty_1.tif,EPSG:4326,3584,2688,1024,1024,1.0
53,Almaty_1_tile_00053,data/tiles/almaty/Almaty_1/images/Almaty_1_tile_00053.png,data/tiles/almaty/Almaty_1/metadata/Almaty_1_tile_00053.json,data/tiles/almaty/Almaty_1/valid_masks/Almaty_1_tile_00053_valid.png,Almaty_1.tif,EPSG:4326,4480,2688,1024,1024,1.0
54,Almaty_1_tile_00054,data/tiles/almaty/Almaty_1/images/Almaty_1_tile_00054.png,data/tiles/almaty/Almaty_1/metadata/Almaty_1_tile_00054.json,data/tiles/almaty/Almaty_1/valid_masks/Almaty_1_tile_00054_valid.png,Almaty_1.tif,EPSG:4326,5376,2688,1024,1024,1.0
55,Almaty_1_tile_00055,data/tiles/almaty/Almaty_1/images/Almaty_1_tile_00055.png,data/tiles/almaty/Almaty_1/metadata/Almaty_1_tile_00055.json,data/tiles/almaty/Almaty_1/valid_masks/Almaty_1_tile_00055_valid.png,Almaty_1.tif,EPSG:4326,6272,2688,1024,1024,1.0
56,Almaty_1_tile_00056,data/tiles/almaty/Almaty_1/images/Almaty_1_tile_00056.png,data/tiles/almaty/Almaty_1/metadata/Almaty_1_tile_00056.json,data/tiles/almaty/Almaty_1/valid_masks/Almaty_1_tile_00056_valid.png,Almaty_1.tif,EPSG:4326,7168,2688,1024,1024,1.0
57,Almaty_1_tile_00057,data/tiles/almaty/Almaty_1/images/Almaty_1_tile_00057.png,data/tiles/almaty/Almaty_1/metadata/Almaty_1_tile_00057.json,data/tiles/almaty/Almaty_1/valid_masks/Almaty_1_tile_00057_valid.png,Almaty_1.tif,EPSG:4326,8064,2688,1024,1024,1.0
58,Almaty_1_tile_00058,data/tiles/almaty/Almaty_1/images/Almaty_1_tile_00058.png,data/tiles/almaty/Almaty_1/metadata/Almaty_1_tile_00058.json,data/tiles/almaty/Almaty_1/valid_masks/Almaty_1_tile_00058_valid.png,Almaty_1.tif,EPSG:4326,8960,2688,1024,1024,1.0
59,Almaty_1_tile_00059,data/tiles/almaty/Almaty_1/images/Almaty_1_tile_00059.png,data/tiles/almaty/Almaty_1/metadata/Almaty_1_tile_00059.json,data/tiles/almaty/Almaty_1/valid_masks/Almaty_1_tile_00059_valid.png,Almaty_1.tif,EPSG:4326,9856,2688,1024,1024,1.0
60,Almaty_1_tile_00060,data/tiles/almaty/Almaty_1/images/Almaty_1_tile_00060.png,data/tiles/almaty/Almaty_1/metadata/Almaty_1_tile_00060.json,data/tiles/almaty/Almaty_1/valid_masks/Almaty_1_tile_00060_valid.png,Almaty_1.tif,EPSG:4326,10752,2688,1024,1024,1.0
61,Almaty_1_tile_00061,data/tiles/almaty/Almaty_1/images/Almaty_1_tile_00061.png,data/tiles/almaty/Almaty_1/metadata/Almaty_1_tile_00061.json,data/tiles/almaty/Almaty_1/valid_masks/Almaty_1_tile_00061_valid.png,Almaty_1.tif,EPSG:4326,11648,2688,1024,1024,1.0
62,Almaty_1_tile_00062,data/tiles/almaty/Almaty_1/images/Almaty_1_tile_00062.png,data/tiles/almaty/Almaty_1/metadata/Almaty_1_tile_00062.json,data/tiles/almaty/Almaty_1/valid_masks/Almaty_1_tile_00062_valid.png,Almaty_1.tif,EPSG:4326,12544,2688,1024,1024,1.0
63,Almaty_1_tile_00063,data/tiles/almaty/Almaty_1/images/Almaty_1_tile_00063.png,data/tiles/almaty/Almaty_1/metadata/Almaty_1_tile_00063.json,data/tiles/almaty/Almaty_1/valid_masks/Almaty_1_tile_00063_valid.png,Almaty_1.tif,EPSG:4326,13440,2688,1024,1024,0.88907
64,Almaty_1_tile_00064,data/tiles/almaty/Almaty_1/images/Almaty_1_tile_00064.png,data/tiles/almaty/Almaty_1/metadata/Almaty_1_tile_00064.json,data/tiles/almaty/Almaty_1/valid_masks/Almaty_1_tile_00064_valid.png,Almaty_1.tif,EPSG:4326,0,3584,1024,1024,0.59234
65,Almaty_1_tile_00065,data/tiles/almaty/Almaty_1/images/Almaty_1_tile_00065.png,data/tiles/almaty/Almaty_1/metadata/Almaty_1_tile_00065.json,data/tiles/almaty/Almaty_1/valid_masks/Almaty_1_tile_00065_valid.png,Almaty_1.tif,EPSG:4326,896,3584,1024,1024,1.0
66,Almaty_1_tile_00066,data/tiles/almaty/Almaty_1/images/Almaty_1_tile_00066.png,data/tiles/almaty/Almaty_1/metadata/Almaty_1_tile_00066.json,data/tiles/almaty/Almaty_1/valid_masks/Almaty_1_tile_00066_valid.png,Almaty_1.tif,EPSG:4326,1792,3584,1024,1024,1.0
67,Almaty_1_tile_00067,data/tiles/almaty/Almaty_1/images/Almaty_1_tile_00067.png,data/tiles/almaty/Almaty_1/metadata/Almaty_1_tile_00067.json,data/tiles/almaty/Almaty_1/valid_masks/Almaty_1_tile_00067_valid.png,Almaty_1.tif,EPSG:4326,2688,3584,1024,1024,1.0
68,Almaty_1_tile_00068,data/tiles/almaty/Almaty_1/images/Almaty_1_tile_00068.png,data/tiles/almaty/Almaty_1/metadata/Almaty_1_tile_00068.json,data/tiles/almaty/Almaty_1/valid_masks/Almaty_1_tile_00068_valid.png,Almaty_1.tif,EPSG:4326,3584,3584,1024,1024,1.0
69,Almaty_1_tile_00069,data/tiles/almaty/Almaty_1/images/Almaty_1_tile_00069.png,data/tiles/almaty/Almaty_1/metadata/Almaty_1_tile_00069.json,data/tiles/almaty/Almaty_1/valid_masks/Almaty_1_tile_00069_valid.png,Almaty_1.tif,EPSG:4326,4480,3584,1024,1024,1.0
70,Almaty_1_tile_00070,data/tiles/almaty/Almaty_1/images/Almaty_1_tile_00070.png,data/tiles/almaty/Almaty_1/metadata/Almaty_1_tile_00070.json,data/tiles/almaty/Almaty_1/valid_masks/Almaty_1_tile_00070_valid.png,Almaty_1.tif,EPSG:4326,5376,3584,1024,1024,1.0
71,Almaty_1_tile_00071,data/tiles/almaty/Almaty_1/images/Almaty_1_tile_00071.png,data/tiles/almaty/Almaty_1/metadata/Almaty_1_tile_00071.json,data/tiles/almaty/Almaty_1/valid_masks/Almaty_1_tile_00071_valid.png,Almaty_1.tif,EPSG:4326,6272,3584,1024,1024,1.0
72,Almaty_1_tile_00072,data/tiles/almaty/Almaty_1/images/Almaty_1_tile_00072.png,data/tiles/almaty/Almaty_1/metadata/Almaty_1_tile_00072.json,data/tiles/almaty/Almaty_1/valid_masks/Almaty_1_tile_00072_valid.png,Almaty_1.tif,EPSG:4326,7168,3584,1024,1024,1.0
73,Almaty_1_tile_00073,data/tiles/almaty/Almaty_1/images/Almaty_1_tile_00073.png,data/tiles/almaty/Almaty_1/metadata/Almaty_1_tile_00073.json,data/tiles/almaty/Almaty_1/valid_masks/Almaty_1_tile_00073_valid.png,Almaty_1.tif,EPSG:4326,8064,3584,1024,1024,1.0
74,Almaty_1_tile_00074,data/tiles/almaty/Almaty_1/images/Almaty_1_tile_00074.png,data/tiles/almaty/Almaty_1/metadata/Almaty_1_tile_00074.json,data/tiles/almaty/Almaty_1/valid_masks/Almaty_1_tile_00074_valid.png,Almaty_1.tif,EPSG:4326,8960,3584,1024,1024,1.0
75,Almaty_1_tile_00075,data/tiles/almaty/Almaty_1/images/Almaty_1_tile_00075.png,data/tiles/almaty/Almaty_1/metadata/Almaty_1_tile_00075.json,data/tiles/almaty/Almaty_1/valid_masks/Almaty_1_tile_00075_valid.png,Almaty_1.tif,EPSG:4326,9856,3584,1024,1024,1.0
76,Almaty_1_tile_00076,data/tiles/almaty/Almaty_1/images/Almaty_1_tile_00076.png,data/tiles/almaty/Almaty_1/metadata/Almaty_1_tile_00076.json,data/tiles/almaty/Almaty_1/valid_masks/Almaty_1_tile_00076_valid.png,Almaty_1.tif,EPSG:4326,10752,3584,1024,1024,1.0
77,Almaty_1_tile_00077,data/tiles/almaty/Almaty_1/images/Almaty_1_tile_00077.png,data/tiles/almaty/Almaty_1/metadata/Almaty_1_tile_00077.json,data/tiles/almaty/Almaty_1/valid_masks/Almaty_1_tile_00077_valid.png,Almaty_1.tif,EPSG:4326,11648,3584,1024,1024,1.0
78,Almaty_1_tile_00078,data/tiles/almaty/Almaty_1/images/Almaty_1_tile_00078.png,data/tiles/almaty/Almaty_1/metadata/Almaty_1_tile_00078.json,data/tiles/almaty/Almaty_1/valid_masks/Almaty_1_tile_00078_valid.png,Almaty_1.tif,EPSG:4326,12544,3584,1024,1024,1.0
79,Almaty_1_tile_00079,data/tiles/almaty/Almaty_1/images/Almaty_1_tile_00079.png,data/tiles/almaty/Almaty_1/metadata/Almaty_1_tile_00079.json,data/tiles/almaty/Almaty_1/valid_masks/Almaty_1_tile_00079_valid.png,Almaty_1.tif,EPSG:4326,13440,3584,1024,1024,0.98881
80,Almaty_1_tile_00080,data/tiles/almaty/Almaty_1/images/Almaty_1_tile_00080.png,data/tiles/almaty/Almaty_1/metadata/Almaty_1_tile_00080.json,data/tiles/almaty/Almaty_1/valid_masks/Almaty_1_tile_00080_valid.png,Almaty_1.tif,EPSG:4326,14336,3584,1024,1024,0.1403
81,Almaty_1_tile_00081,data/tiles/almaty/Almaty_1/images/Almaty_1_tile_00081.png,data/tiles/almaty/Almaty_1/metadata/Almaty_1_tile_00081.json,data/tiles/almaty/Almaty_1/valid_masks/Almaty_1_tile_00081_valid.png,Almaty_1.tif,EPSG:4326,0,4480,1024,1024,0.47709
82,Almaty_1_tile_00082,data/tiles/almaty/Almaty_1/images/Almaty_1_tile_00082.png,data/tiles/almaty/Almaty_1/metadata/Almaty_1_tile_00082.json,data/tiles/almaty/Almaty_1/valid_masks/Almaty_1_tile_00082_valid.png,Almaty_1.tif,EPSG:4326,896,4480,1024,1024,1.0
83,Almaty_1_tile_00083,data/tiles/almaty/Almaty_1/images/Almaty_1_tile_00083.png,data/tiles/almaty/Almaty_1/metadata/Almaty_1_tile_00083.json,data/tiles/almaty/Almaty_1/valid_masks/Almaty_1_tile_00083_valid.png,Almaty_1.tif,EPSG:4326,1792,4480,1024,1024,1.0
84,Almaty_1_tile_00084,data/tiles/almaty/Almaty_1/images/Almaty_1_tile_00084.png,data/tiles/almaty/Almaty_1/metadata/Almaty_1_tile_00084.json,data/tiles/almaty/Almaty_1/valid_masks/Almaty_1_tile_00084_valid.png,Almaty_1.tif,EPSG:4326,2688,4480,1024,1024,1.0
85,Almaty_1_tile_00085,data/tiles/almaty/Almaty_1/images/Almaty_1_tile_00085.png,data/tiles/almaty/Almaty_1/metadata/Almaty_1_tile_00085.json,data/tiles/almaty/Almaty_1/valid_masks/Almaty_1_tile_00085_valid.png,Almaty_1.tif,EPSG:4326,3584,4480,1024,1024,1.0
86,Almaty_1_tile_00086,data/tiles/almaty/Almaty_1/images/Almaty_1_tile_00086.png,data/tiles/almaty/Almaty_1/metadata/Almaty_1_tile_00086.json,data/tiles/almaty/Almaty_1/valid_masks/Almaty_1_tile_00086_valid.png,Almaty_1.tif,EPSG:4326,4480,4480,1024,1024,1.0
87,Almaty_1_tile_00087,data/tiles/almaty/Almaty_1/images/Almaty_1_tile_00087.png,data/tiles/almaty/Almaty_1/metadata/Almaty_1_tile_00087.json,data/tiles/almaty/Almaty_1/valid_masks/Almaty_1_tile_00087_valid.png,Almaty_1.tif,EPSG:4326,5376,4480,1024,1024,1.0
88,Almaty_1_tile_00088,data/tiles/almaty/Almaty_1/images/Almaty_1_tile_00088.png,data/tiles/almaty/Almaty_1/metadata/Almaty_1_tile_00088.json,data/tiles/almaty/Almaty_1/valid_masks/Almaty_1_tile_00088_valid.png,Almaty_1.tif,EPSG:4326,6272,4480,1024,1024,1.0
89,Almaty_1_tile_00089,data/tiles/almaty/Almaty_1/images/Almaty_1_tile_00089.png,data/tiles/almaty/Almaty_1/metadata/Almaty_1_tile_00089.json,data/tiles/almaty/Almaty_1/valid_masks/Almaty_1_tile_00089_valid.png,Almaty_1.tif,EPSG:4326,7168,4480,1024,1024,1.0
90,Almaty_1_tile_00090,data/tiles/almaty/Almaty_1/images/Almaty_1_tile_00090.png,data/tiles/almaty/Almaty_1/metadata/Almaty_1_tile_00090.json,data/tiles/almaty/Almaty_1/valid_masks/Almaty_1_tile_00090_valid.png,Almaty_1.tif,EPSG:4326,8064,4480,1024,1024,1.0
91,Almaty_1_tile_00091,data/tiles/almaty/Almaty_1/images/Almaty_1_tile_00091.png,data/tiles/almaty/Almaty_1/metadata/Almaty_1_tile_00091.json,data/tiles/almaty/Almaty_1/valid_masks/Almaty_1_tile_00091_valid.png,Almaty_1.tif,EPSG:4326,8960,4480,1024,1024,1.0
92,Almaty_1_tile_00092,data/tiles/almaty/Almaty_1/images/Almaty_1_tile_00092.png,data/tiles/almaty/Almaty_1/metadata/Almaty_1_tile_00092.json,data/tiles/almaty/Almaty_1/valid_masks/Almaty_1_tile_00092_valid.png,Almaty_1.tif,EPSG:4326,9856,4480,1024,1024,1.0
93,Almaty_1_tile_00093,data/tiles/almaty/Almaty_1/images/Almaty_1_tile_00093.png,data/tiles/almaty/Almaty_1/metadata/Almaty_1_tile_00093.json,data/tiles/almaty/Almaty_1/valid_masks/Almaty_1_tile_00093_valid.png,Almaty_1.tif,EPSG:4326,10752,4480,1024,1024,1.0
94,Almaty_1_tile_00094,data/tiles/almaty/Almaty_1/images/Almaty_1_tile_00094.png,data/tiles/almaty/Almaty_1/metadata/Almaty_1_tile_00094.json,data/tiles/almaty/Almaty_1/valid_masks/Almaty_1_tile_00094_valid.png,Almaty_1.tif,EPSG:4326,11648,4480,1024,1024,1.0
95,Almaty_1_tile_00095,data/tiles/almaty/Almaty_1/images/Almaty_1_tile_00095.png,data/tiles/almaty/Almaty_1/metadata/Almaty_1_tile_00095.json,data/tiles/almaty/Almaty_1/valid_masks/Almaty_1_tile_00095_valid.png,Almaty_1.tif,EPSG:4326,12544,4480,1024,1024,1.0
96,Almaty_1_tile_00096,data/tiles/almaty/Almaty_1/images/Almaty_1_tile_00096.png,data/tiles/almaty/Almaty_1/metadata/Almaty_1_tile_00096.json,data/tiles/almaty/Almaty_1/valid_masks/Almaty_1_tile_00096_valid.png,Almaty_1.tif,EPSG:4326,13440,4480,1024,1024,1.0
97,Almaty_1_tile_00097,data/tiles/almaty/Almaty_1/images/Almaty_1_tile_00097.png,data/tiles/almaty/Almaty_1/metadata/Almaty_1_tile_00097.json,data/tiles/almaty/Almaty_1/valid_masks/Almaty_1_tile_00097_valid.png,Almaty_1.tif,EPSG:4326,14336,4480,1024,1024,0.26654
98,Almaty_1_tile_00098,data/tiles/almaty/Almaty_1/images/Almaty_1_tile_00098.png,data/tiles/almaty/Almaty_1/metadata/Almaty_1_tile_00098.json,data/tiles/almaty/Almaty_1/valid_masks/Almaty_1_tile_00098_valid.png,Almaty_1.tif,EPSG:4326,0,5376,1024,1024,0.36185
99,Almaty_1_tile_00099,data/tiles/almaty/Almaty_1/images/Almaty_1_tile_00099.png,data/tiles/almaty/Almaty_1/metadata/Almaty_1_tile_00099.json,data/tiles/almaty/Almaty_1/valid_masks/Almaty_1_tile_00099_valid.png,Almaty_1.tif,EPSG:4326,896,5376,1024,1024,1.0
100,Almaty_1_tile_00100,data/tiles/almaty/Almaty_1/images/Almaty_1_tile_00100.png,data/tiles/almaty/Almaty_1/metadata/Almaty_1_tile_00100.json,data/tiles/almaty/Almaty_1/valid_masks/Almaty_1_tile_00100_valid.png,Almaty_1.tif,EPSG:4326,1792,5376,1024,1024,1.0
101,Almaty_1_tile_00101,data/tiles/almaty/Almaty_1/images/Almaty_1_tile_00101.png,data/tiles/almaty/Almaty_1/metadata/Almaty_1_tile_00101.json,data/tiles/almaty/Almaty_1/valid_masks/Almaty_1_tile_00101_valid.png,Almaty_1.tif,EPSG:4326,2688,5376,1024,1024,1.0
102,Almaty_1_tile_00102,data/tiles/almaty/Almaty_1/images/Almaty_1_tile_00102.png,data/tiles/almaty/Almaty_1/metadata/Almaty_1_tile_00102.json,data/tiles/almaty/Almaty_1/valid_masks/Almaty_1_tile_00102_valid.png,Almaty_1.tif,EPSG:4326,3584,5376,1024,1024,1.0
103,Almaty_1_tile_00103,data/tiles/almaty/Almaty_1/images/Almaty_1_tile_00103.png,data/tiles/almaty/Almaty_1/metadata/Almaty_1_tile_00103.json,data/tiles/almaty/Almaty_1/valid_masks/Almaty_1_tile_00103_valid.png,Almaty_1.tif,EPSG:4326,4480,5376,1024,1024,1.0
104,Almaty_1_tile_00104,data/tiles/almaty/Almaty_1/images/Almaty_1_tile_00104.png,data/tiles/almaty/Almaty_1/metadata/Almaty_1_tile_00104.json,data/tiles/almaty/Almaty_1/valid_masks/Almaty_1_tile_00104_valid.png,Almaty_1.tif,EPSG:4326,5376,5376,1024,1024,1.0
105,Almaty_1_tile_00105,data/tiles/almaty/Almaty_1/images/Almaty_1_tile_00105.png,data/tiles/almaty/Almaty_1/metadata/Almaty_1_tile_00105.json,data/tiles/almaty/Almaty_1/valid_masks/Almaty_1_tile_00105_valid.png,Almaty_1.tif,EPSG:4326,6272,5376,1024,1024,1.0
106,Almaty_1_tile_00106,data/tiles/almaty/Almaty_1/images/Almaty_1_tile_00106.png,data/tiles/almaty/Almaty_1/metadata/Almaty_1_tile_00106.json,data/tiles/almaty/Almaty_1/valid_masks/Almaty_1_tile_00106_valid.png,Almaty_1.tif,EPSG:4326,7168,5376,1024,1024,1.0
107,Almaty_1_tile_00107,data/tiles/almaty/Almaty_1/images/Almaty_1_tile_00107.png,data/tiles/almaty/Almaty_1/metadata/Almaty_1_tile_00107.json,data/tiles/almaty/Almaty_1/valid_masks/Almaty_1_tile_00107_valid.png,Almaty_1.tif,EPSG:4326,8064,5376,1024,1024,1.0
108,Almaty_1_tile_00108,data/tiles/almaty/Almaty_1/images/Almaty_1_tile_00108.png,data/tiles/almaty/Almaty_1/metadata/Almaty_1_tile_00108.json,data/tiles/almaty/Almaty_1/valid_masks/Almaty_1_tile_00108_valid.png,Almaty_1.tif,EPSG:4326,8960,5376,1024,1024,1.0
109,Almaty_1_tile_00109,data/tiles/almaty/Almaty_1/images/Almaty_1_tile_00109.png,data/tiles/almaty/Almaty_1/metadata/Almaty_1_tile_00109.json,data/tiles/almaty/Almaty_1/valid_masks/Almaty_1_tile_00109_valid.png,Almaty_1.tif,EPSG:4326,9856,5376,1024,1024,1.0
110,Almaty_1_tile_00110,data/tiles/almaty/Almaty_1/images/Almaty_1_tile_00110.png,data/tiles/almaty/Almaty_1/metadata/Almaty_1_tile_00110.json,data/tiles/almaty/Almaty_1/valid_masks/Almaty_1_tile_00110_valid.png,Almaty_1.tif,EPSG:4326,10752,5376,1024,1024,1.0
111,Almaty_1_tile_00111,data/tiles/almaty/Almaty_1/images/Almaty_1_tile_00111.png,data/tiles/almaty/Almaty_1/metadata/Almaty_1_tile_00111.json,data/tiles/almaty/Almaty_1/valid_masks/Almaty_1_tile_00111_valid.png,Almaty_1.tif,EPSG:4326,11648,5376,1024,1024,1.0
112,Almaty_1_tile_00112,data/tiles/almaty/Almaty_1/images/Almaty_1_tile_00112.png,data/tiles/almaty/Almaty_1/metadata/Almaty_1_tile_00112.json,data/tiles/almaty/Almaty_1/valid_masks/Almaty_1_tile_00112_valid.png,Almaty_1.tif,EPSG:4326,12544,5376,1024,1024,1.0
113,Almaty_1_tile_00113,data/tiles/almaty/Almaty_1/images/Almaty_1_tile_00113.png,data/tiles/almaty/Almaty_1/metadata/Almaty_1_tile_00113.json,data/tiles/almaty/Almaty_1/valid_masks/Almaty_1_tile_00113_valid.png,Almaty_1.tif,EPSG:4326,13440,5376,1024,1024,1.0
114,Almaty_1_tile_00114,data/tiles/almaty/Almaty_1/images/Almaty_1_tile_00114.png,data/tiles/almaty/Almaty_1/metadata/Almaty_1_tile_00114.json,data/tiles/almaty/Almaty_1/valid_masks/Almaty_1_tile_00114_valid.png,Almaty_1.tif,EPSG:4326,14336,5376,1024,1024,0.39278
115,Almaty_1_tile_00115,data/tiles/almaty/Almaty_1/images/Almaty_1_tile_00115.png,data/tiles/almaty/Almaty_1/metadata/Almaty_1_tile_00115.json,data/tiles/almaty/Almaty_1/valid_masks/Almaty_1_tile_00115_valid.png,Almaty_1.tif,EPSG:4326,0,6272,1024,1024,0.2466
116,Almaty_1_tile_00116,data/tiles/almaty/Almaty_1/images/Almaty_1_tile_00116.png,data/tiles/almaty/Almaty_1/metadata/Almaty_1_tile_00116.json,data/tiles/almaty/Almaty_1/valid_masks/Almaty_1_tile_00116_valid.png,Almaty_1.tif,EPSG:4326,896,6272,1024,1024,1.0
117,Almaty_1_tile_00117,data/tiles/almaty/Almaty_1/images/Almaty_1_tile_00117.png,data/tiles/almaty/Almaty_1/metadata/Almaty_1_tile_00117.json,data/tiles/almaty/Almaty_1/valid_masks/Almaty_1_tile_00117_valid.png,Almaty_1.tif,EPSG:4326,1792,6272,1024,1024,1.0
118,Almaty_1_tile_00118,data/tiles/almaty/Almaty_1/images/Almaty_1_tile_00118.png,data/tiles/almaty/Almaty_1/metadata/Almaty_1_tile_00118.json,data/tiles/almaty/Almaty_1/valid_masks/Almaty_1_tile_00118_valid.png,Almaty_1.tif,EPSG:4326,2688,6272,1024,1024,1.0
119,Almaty_1_tile_00119,data/tiles/almaty/Almaty_1/images/Almaty_1_tile_00119.png,data/tiles/almaty/Almaty_1/metadata/Almaty_1_tile_00119.json,data/tiles/almaty/Almaty_1/valid_masks/Almaty_1_tile_00119_valid.png,Almaty_1.tif,EPSG:4326,3584,6272,1024,1024,1.0
120,Almaty_1_tile_00120,data/tiles/almaty/Almaty_1/images/Almaty_1_tile_00120.png,data/tiles/almaty/Almaty_1/metadata/Almaty_1_tile_00120.json,data/tiles/almaty/Almaty_1/valid_masks/Almaty_1_tile_00120_valid.png,Almaty_1.tif,EPSG:4326,4480,6272,1024,1024,1.0
121,Almaty_1_tile_00121,data/tiles/almaty/Almaty_1/images/Almaty_1_tile_00121.png,data/tiles/almaty/Almaty_1/metadata/Almaty_1_tile_00121.json,data/tiles/almaty/Almaty_1/valid_masks/Almaty_1_tile_00121_valid.png,Almaty_1.tif,EPSG:4326,5376,6272,1024,1024,1.0
122,Almaty_1_tile_00122,data/tiles/almaty/Almaty_1/images/Almaty_1_tile_00122.png,data/tiles/almaty/Almaty_1/metadata/Almaty_1_tile_00122.json,data/tiles/almaty/Almaty_1/valid_masks/Almaty_1_tile_00122_valid.png,Almaty_1.tif,EPSG:4326,6272,6272,1024,1024,1.0
123,Almaty_1_tile_00123,data/tiles/almaty/Almaty_1/images/Almaty_1_tile_00123.png,data/tiles/almaty/Almaty_1/metadata/Almaty_1_tile_00123.json,data/tiles/almaty/Almaty_1/valid_masks/Almaty_1_tile_00123_valid.png,Almaty_1.tif,EPSG:4326,7168,6272,1024,1024,1.0
124,Almaty_1_tile_00124,data/tiles/almaty/Almaty_1/images/Almaty_1_tile_00124.png,data/tiles/almaty/Almaty_1/metadata/Almaty_1_tile_00124.json,data/tiles/almaty/Almaty_1/valid_masks/Almaty_1_tile_00124_valid.png,Almaty_1.tif,EPSG:4326,8064,6272,1024,1024,1.0
125,Almaty_1_tile_00125,data/tiles/almaty/Almaty_1/images/Almaty_1_tile_00125.png,data/tiles/almaty/Almaty_1/metadata/Almaty_1_tile_00125.json,data/tiles/almaty/Almaty_1/valid_masks/Almaty_1_tile_00125_valid.png,Almaty_1.tif,EPSG:4326,8960,6272,1024,1024,1.0
126,Almaty_1_tile_00126,data/tiles/almaty/Almaty_1/images/Almaty_1_tile_00126.png,data/tiles/almaty/Almaty_1/metadata/Almaty_1_tile_00126.json,data/tiles/almaty/Almaty_1/valid_masks/Almaty_1_tile_00126_valid.png,Almaty_1.tif,EPSG:4326,9856,6272,1024,1024,1.0
127,Almaty_1_tile_00127,data/tiles/almaty/Almaty_1/images/Almaty_1_tile_00127.png,data/tiles/almaty/Almaty_1/metadata/Almaty_1_tile_00127.json,data/tiles/almaty/Almaty_1/valid_masks/Almaty_1_tile_00127_valid.png,Almaty_1.tif,EPSG:4326,10752,6272,1024,1024,1.0
128,Almaty_1_tile_00128,data/tiles/almaty/Almaty_1/images/Almaty_1_tile_00128.png,data/tiles/almaty/Almaty_1/metadata/Almaty_1_tile_00128.json,data/tiles/almaty/Almaty_1/valid_masks/Almaty_1_tile_00128_valid.png,Almaty_1.tif,EPSG:4326,11648,6272,1024,1024,1.0
129,Almaty_1_tile_00129,data/tiles/almaty/Almaty_1/images/Almaty_1_tile_00129.png,data/tiles/almaty/Almaty_1/metadata/Almaty_1_tile_00129.json,data/tiles/almaty/Almaty_1/valid_masks/Almaty_1_tile_00129_valid.png,Almaty_1.tif,EPSG:4326,12544,6272,1024,1024,1.0
130,Almaty_1_tile_00130,data/tiles/almaty/Almaty_1/images/Almaty_1_tile_00130.png,data/tiles/almaty/Almaty_1/metadata/Almaty_1_tile_00130.json,data/tiles/almaty/Almaty_1/valid_masks/Almaty_1_tile_00130_valid.png,Almaty_1.tif,EPSG:4326,13440,6272,1024,1024,1.0
131,Almaty_1_tile_00131,data/tiles/almaty/Almaty_1/images/Almaty_1_tile_00131.png,data/tiles/almaty/Almaty_1/metadata/Almaty_1_tile_00131.json,data/tiles/almaty/Almaty_1/valid_masks/Almaty_1_tile_00131_valid.png,Almaty_1.tif,EPSG:4326,14336,6272,1024,1024,0.51902
132,Almaty_1_tile_00132,data/tiles/almaty/Almaty_1/images/Almaty_1_tile_00132.png,data/tiles/almaty/Almaty_1/metadata/Almaty_1_tile_00132.json,data/tiles/almaty/Almaty_1/valid_masks/Almaty_1_tile_00132_valid.png,Almaty_1.tif,EPSG:4326,0,7168,1024,1024,0.13135
133,Almaty_1_tile_00133,data/tiles/almaty/Almaty_1/images/Almaty_1_tile_00133.png,data/tiles/almaty/Almaty_1/metadata/Almaty_1_tile_00133.json,data/tiles/almaty/Almaty_1/valid_masks/Almaty_1_tile_00133_valid.png,Almaty_1.tif,EPSG:4326,896,7168,1024,1024,0.98656
134,Almaty_1_tile_00134,data/tiles/almaty/Almaty_1/images/Almaty_1_tile_00134.png,data/tiles/almaty/Almaty_1/metadata/Almaty_1_tile_00134.json,data/tiles/almaty/Almaty_1/valid_masks/Almaty_1_tile_00134_valid.png,Almaty_1.tif,EPSG:4326,1792,7168,1024,1024,1.0
135,Almaty_1_tile_00135,data/tiles/almaty/Almaty_1/images/Almaty_1_tile_00135.png,data/tiles/almaty/Almaty_1/metadata/Almaty_1_tile_00135.json,data/tiles/almaty/Almaty_1/valid_masks/Almaty_1_tile_00135_valid.png,Almaty_1.tif,EPSG:4326,2688,7168,1024,1024,1.0
136,Almaty_1_tile_00136,data/tiles/almaty/Almaty_1/images/Almaty_1_tile_00136.png,data/tiles/almaty/Almaty_1/metadata/Almaty_1_tile_00136.json,data/tiles/almaty/Almaty_1/valid_masks/Almaty_1_tile_00136_valid.png,Almaty_1.tif,EPSG:4326,3584,7168,1024,1024,1.0
137,Almaty_1_tile_00137,data/tiles/almaty/Almaty_1/images/Almaty_1_tile_00137.png,data/tiles/almaty/Almaty_1/metadata/Almaty_1_tile_00137.json,data/tiles/almaty/Almaty_1/valid_masks/Almaty_1_tile_00137_valid.png,Almaty_1.tif,EPSG:4326,4480,7168,1024,1024,1.0
138,Almaty_1_tile_00138,data/tiles/almaty/Almaty_1/images/Almaty_1_tile_00138.png,data/tiles/almaty/Almaty_1/metadata/Almaty_1_tile_00138.json,data/tiles/almaty/Almaty_1/valid_masks/Almaty_1_tile_00138_valid.png,Almaty_1.tif,EPSG:4326,5376,7168,1024,1024,1.0
139,Almaty_1_tile_00139,data/tiles/almaty/Almaty_1/images/Almaty_1_tile_00139.png,data/tiles/almaty/Almaty_1/metadata/Almaty_1_tile_00139.json,data/tiles/almaty/Almaty_1/valid_masks/Almaty_1_tile_00139_valid.png,Almaty_1.tif,EPSG:4326,6272,7168,1024,1024,1.0
140,Almaty_1_tile_00140,data/tiles/almaty/Almaty_1/images/Almaty_1_tile_00140.png,data/tiles/almaty/Almaty_1/metadata/Almaty_1_tile_00140.json,data/tiles/almaty/Almaty_1/valid_masks/Almaty_1_tile_00140_valid.png,Almaty_1.tif,EPSG:4326,7168,7168,1024,1024,1.0
141,Almaty_1_tile_00141,data/tiles/almaty/Almaty_1/images/Almaty_1_tile_00141.png,data/tiles/almaty/Almaty_1/metadata/Almaty_1_tile_00141.json,data/tiles/almaty/Almaty_1/valid_masks/Almaty_1_tile_00141_valid.png,Almaty_1.tif,EPSG:4326,8064,7168,1024,1024,1.0
142,Almaty_1_tile_00142,data/tiles/almaty/Almaty_1/images/Almaty_1_tile_00142.png,data/tiles/almaty/Almaty_1/metadata/Almaty_1_tile_00142.json,data/tiles/almaty/Almaty_1/valid_masks/Almaty_1_tile_00142_valid.png,Almaty_1.tif,EPSG:4326,8960,7168,1024,1024,1.0
143,Almaty_1_tile_00143,data/tiles/almaty/Almaty_1/images/Almaty_1_tile_00143.png,data/tiles/almaty/Almaty_1/metadata/Almaty_1_tile_00143.json,data/tiles/almaty/Almaty_1/valid_masks/Almaty_1_tile_00143_valid.png,Almaty_1.tif,EPSG:4326,9856,7168,1024,1024,1.0
144,Almaty_1_tile_00144,data/tiles/almaty/Almaty_1/images/Almaty_1_tile_00144.png,data/tiles/almaty/Almaty_1/metadata/Almaty_1_tile_00144.json,data/tiles/almaty/Almaty_1/valid_masks/Almaty_1_tile_00144_valid.png,Almaty_1.tif,EPSG:4326,10752,7168,1024,1024,1.0
145,Almaty_1_tile_00145,data/tiles/almaty/Almaty_1/images/Almaty_1_tile_00145.png,data/tiles/almaty/Almaty_1/metadata/Almaty_1_tile_00145.json,data/tiles/almaty/Almaty_1/valid_masks/Almaty_1_tile_00145_valid.png,Almaty_1.tif,EPSG:4326,11648,7168,1024,1024,1.0
146,Almaty_1_tile_00146,data/tiles/almaty/Almaty_1/images/Almaty_1_tile_00146.png,data/tiles/almaty/Almaty_1/metadata/Almaty_1_tile_00146.json,data/tiles/almaty/Almaty_1/valid_masks/Almaty_1_tile_00146_valid.png,Almaty_1.tif,EPSG:4326,12544,7168,1024,1024,1.0
147,Almaty_1_tile_00147,data/tiles/almaty/Almaty_1/images/Almaty_1_tile_00147.png,data/tiles/almaty/Almaty_1/metadata/Almaty_1_tile_00147.json,data/tiles/almaty/Almaty_1/valid_masks/Almaty_1_tile_00147_valid.png,Almaty_1.tif,EPSG:4326,13440,7168,1024,1024,1.0
148,Almaty_1_tile_00148,data/tiles/almaty/Almaty_1/images/Almaty_1_tile_00148.png,data/tiles/almaty/Almaty_1/metadata/Almaty_1_tile_00148.json,data/tiles/almaty/Almaty_1/valid_masks/Almaty_1_tile_00148_valid.png,Almaty_1.tif,EPSG:4326,14336,7168,1024,1024,0.64526
149,Almaty_1_tile_00149,data/tiles/almaty/Almaty_1/images/Almaty_1_tile_00149.png,data/tiles/almaty/Almaty_1/metadata/Almaty_1_tile_00149.json,data/tiles/almaty/Almaty_1/valid_masks/Almaty_1_tile_00149_valid.png,Almaty_1.tif,EPSG:4326,896,8064,1024,1024,0.8911
150,Almaty_1_tile_00150,data/tiles/almaty/Almaty_1/images/Almaty_1_tile_00150.png,data/tiles/almaty/Almaty_1/metadata/Almaty_1_tile_00150.json,data/tiles/almaty/Almaty_1/valid_masks/Almaty_1_tile_00150_valid.png,Almaty_1.tif,EPSG:4326,1792,8064,1024,1024,1.0
151,Almaty_1_tile_00151,data/tiles/almaty/Almaty_1/images/Almaty_1_tile_00151.png,data/tiles/almaty/Almaty_1/metadata/Almaty_1_tile_00151.json,data/tiles/almaty/Almaty_1/valid_masks/Almaty_1_tile_00151_valid.png,Almaty_1.tif,EPSG:4326,2688,8064,1024,1024,1.0
152,Almaty_1_tile_00152,data/tiles/almaty/Almaty_1/images/Almaty_1_tile_00152.png,data/tiles/almaty/Almaty_1/metadata/Almaty_1_tile_00152.json,data/tiles/almaty/Almaty_1/valid_masks/Almaty_1_tile_00152_valid.png,Almaty_1.tif,EPSG:4326,3584,8064,1024,1024,1.0
153,Almaty_1_tile_00153,data/tiles/almaty/Almaty_1/images/Almaty_1_tile_00153.png,data/tiles/almaty/Almaty_1/metadata/Almaty_1_tile_00153.json,data/tiles/almaty/Almaty_1/valid_masks/Almaty_1_tile_00153_valid.png,Almaty_1.tif,EPSG:4326,4480,8064,1024,1024,1.0
154,Almaty_1_tile_00154,data/tiles/almaty/Almaty_1/images/Almaty_1_tile_00154.png,data/tiles/almaty/Almaty_1/metadata/Almaty_1_tile_00154.json,data/tiles/almaty/Almaty_1/valid_masks/Almaty_1_tile_00154_valid.png,Almaty_1.tif,EPSG:4326,5376,8064,1024,1024,1.0
155,Almaty_1_tile_00155,data/tiles/almaty/Almaty_1/images/Almaty_1_tile_00155.png,data/tiles/almaty/Almaty_1/metadata/Almaty_1_tile_00155.json,data/tiles/almaty/Almaty_1/valid_masks/Almaty_1_tile_00155_valid.png,Almaty_1.tif,EPSG:4326,6272,8064,1024,1024,1.0
156,Almaty_1_tile_00156,data/tiles/almaty/Almaty_1/images/Almaty_1_tile_00156.png,data/tiles/almaty/Almaty_1/metadata/Almaty_1_tile_00156.json,data/tiles/almaty/Almaty_1/valid_masks/Almaty_1_tile_00156_valid.png,Almaty_1.tif,EPSG:4326,7168,8064,1024,1024,1.0
157,Almaty_1_tile_00157,data/tiles/almaty/Almaty_1/images/Almaty_1_tile_00157.png,data/tiles/almaty/Almaty_1/metadata/Almaty_1_tile_00157.json,data/tiles/almaty/Almaty_1/valid_masks/Almaty_1_tile_00157_valid.png,Almaty_1.tif,EPSG:4326,8064,8064,1024,1024,1.0
158,Almaty_1_tile_00158,data/tiles/almaty/Almaty_1/images/Almaty_1_tile_00158.png,data/tiles/almaty/Almaty_1/metadata/Almaty_1_tile_00158.json,data/tiles/almaty/Almaty_1/valid_masks/Almaty_1_tile_00158_valid.png,Almaty_1.tif,EPSG:4326,8960,8064,1024,1024,1.0
159,Almaty_1_tile_00159,data/tiles/almaty/Almaty_1/images/Almaty_1_tile_00159.png,data/tiles/almaty/Almaty_1/metadata/Almaty_1_tile_00159.json,data/tiles/almaty/Almaty_1/valid_masks/Almaty_1_tile_00159_valid.png,Almaty_1.tif,EPSG:4326,9856,8064,1024,1024,1.0
160,Almaty_1_tile_00160,data/tiles/almaty/Almaty_1/images/Almaty_1_tile_00160.png,data/tiles/almaty/Almaty_1/metadata/Almaty_1_tile_00160.json,data/tiles/almaty/Almaty_1/valid_masks/Almaty_1_tile_00160_valid.png,Almaty_1.tif,EPSG:4326,10752,8064,1024,1024,1.0
161,Almaty_1_tile_00161,data/tiles/almaty/Almaty_1/images/Almaty_1_tile_00161.png,data/tiles/almaty/Almaty_1/metadata/Almaty_1_tile_00161.json,data/tiles/almaty/Almaty_1/valid_masks/Almaty_1_tile_00161_valid.png,Almaty_1.tif,EPSG:4326,11648,8064,1024,1024,1.0
162,Almaty_1_tile_00162,data/tiles/almaty/Almaty_1/images/Almaty_1_tile_00162.png,data/tiles/almaty/Almaty_1/metadata/Almaty_1_tile_00162.json,data/tiles/almaty/Almaty_1/valid_masks/Almaty_1_tile_00162_valid.png,Almaty_1.tif,EPSG:4326,12544,8064,1024,1024,1.0
163,Almaty_1_tile_00163,data/tiles/almaty/Almaty_1/images/Almaty_1_tile_00163.png,data/tiles/almaty/Almaty_1/metadata/Almaty_1_tile_00163.json,data/tiles/almaty/Almaty_1/valid_masks/Almaty_1_tile_00163_valid.png,Almaty_1.tif,EPSG:4326,13440,8064,1024,1024,1.0
164,Almaty_1_tile_00164,data/tiles/almaty/Almaty_1/images/Almaty_1_tile_00164.png,data/tiles/almaty/Almaty_1/metadata/Almaty_1_tile_00164.json,data/tiles/almaty/Almaty_1/valid_masks/Almaty_1_tile_00164_valid.png,Almaty_1.tif,EPSG:4326,14336,8064,1024,1024,0.77149
165,Almaty_1_tile_00165,data/tiles/almaty/Almaty_1/images/Almaty_1_tile_00165.png,data/tiles/almaty/Almaty_1/metadata/Almaty_1_tile_00165.json,data/tiles/almaty/Almaty_1/valid_masks/Almaty_1_tile_00165_valid.png,Almaty_1.tif,EPSG:4326,896,8960,1024,1024,0.77586
166,Almaty_1_tile_00166,data/tiles/almaty/Almaty_1/images/Almaty_1_tile_00166.png,data/tiles/almaty/Almaty_1/metadata/Almaty_1_tile_00166.json,data/tiles/almaty/Almaty_1/valid_masks/Almaty_1_tile_00166_valid.png,Almaty_1.tif,EPSG:4326,1792,8960,1024,1024,1.0
167,Almaty_1_tile_00167,data/tiles/almaty/Almaty_1/images/Almaty_1_tile_00167.png,data/tiles/almaty/Almaty_1/metadata/Almaty_1_tile_00167.json,data/tiles/almaty/Almaty_1/valid_masks/Almaty_1_tile_00167_valid.png,Almaty_1.tif,EPSG:4326,2688,8960,1024,1024,1.0
168,Almaty_1_tile_00168,data/tiles/almaty/Almaty_1/images/Almaty_1_tile_00168.png,data/tiles/almaty/Almaty_1/metadata/Almaty_1_tile_00168.json,data/tiles/almaty/Almaty_1/valid_masks/Almaty_1_tile_00168_valid.png,Almaty_1.tif,EPSG:4326,3584,8960,1024,1024,1.0
169,Almaty_1_tile_00169,data/tiles/almaty/Almaty_1/images/Almaty_1_tile_00169.png,data/tiles/almaty/Almaty_1/metadata/Almaty_1_tile_00169.json,data/tiles/almaty/Almaty_1/valid_masks/Almaty_1_tile_00169_valid.png,Almaty_1.tif,EPSG:4326,4480,8960,1024,1024,1.0
170,Almaty_1_tile_00170,data/tiles/almaty/Almaty_1/images/Almaty_1_tile_00170.png,data/tiles/almaty/Almaty_1/metadata/Almaty_1_tile_00170.json,data/tiles/almaty/Almaty_1/valid_masks/Almaty_1_tile_00170_valid.png,Almaty_1.tif,EPSG:4326,5376,8960,1024,1024,1.0
171,Almaty_1_tile_00171,data/tiles/almaty/Almaty_1/images/Almaty_1_tile_00171.png,data/tiles/almaty/Almaty_1/metadata/Almaty_1_tile_00171.json,data/tiles/almaty/Almaty_1/valid_masks/Almaty_1_tile_00171_valid.png,Almaty_1.tif,EPSG:4326,6272,8960,1024,1024,1.0
172,Almaty_1_tile_00172,data/tiles/almaty/Almaty_1/images/Almaty_1_tile_00172.png,data/tiles/almaty/Almaty_1/metadata/Almaty_1_tile_00172.json,data/tiles/almaty/Almaty_1/valid_masks/Almaty_1_tile_00172_valid.png,Almaty_1.tif,EPSG:4326,7168,8960,1024,1024,1.0
173,Almaty_1_tile_00173,data/tiles/almaty/Almaty_1/images/Almaty_1_tile_00173.png,data/tiles/almaty/Almaty_1/metadata/Almaty_1_tile_00173.json,data/tiles/almaty/Almaty_1/valid_masks/Almaty_1_tile_00173_valid.png,Almaty_1.tif,EPSG:4326,8064,8960,1024,1024,1.0
174,Almaty_1_tile_00174,data/tiles/almaty/Almaty_1/images/Almaty_1_tile_00174.png,data/tiles/almaty/Almaty_1/metadata/Almaty_1_tile_00174.json,data/tiles/almaty/Almaty_1/valid_masks/Almaty_1_tile_00174_valid.png,Almaty_1.tif,EPSG:4326,8960,8960,1024,1024,1.0
175,Almaty_1_tile_00175,data/tiles/almaty/Almaty_1/images/Almaty_1_tile_00175.png,data/tiles/almaty/Almaty_1/metadata/Almaty_1_tile_00175.json,data/tiles/almaty/Almaty_1/valid_masks/Almaty_1_tile_00175_valid.png,Almaty_1.tif,EPSG:4326,9856,8960,1024,1024,1.0
176,Almaty_1_tile_00176,data/tiles/almaty/Almaty_1/images/Almaty_1_tile_00176.png,data/tiles/almaty/Almaty_1/metadata/Almaty_1_tile_00176.json,data/tiles/almaty/Almaty_1/valid_masks/Almaty_1_tile_00176_valid.png,Almaty_1.tif,EPSG:4326,10752,8960,1024,1024,1.0
177,Almaty_1_tile_00177,data/tiles/almaty/Almaty_1/images/Almaty_1_tile_00177.png,data/tiles/almaty/Almaty_1/metadata/Almaty_1_tile_00177.json,data/tiles/almaty/Almaty_1/valid_masks/Almaty_1_tile_00177_valid.png,Almaty_1.tif,EPSG:4326,11648,8960,1024,1024,1.0
178,Almaty_1_tile_00178,data/tiles/almaty/Almaty_1/images/Almaty_1_tile_00178.png,data/tiles/almaty/Almaty_1/metadata/Almaty_1_tile_00178.json,data/tiles/almaty/Almaty_1/valid_masks/Almaty_1_tile_00178_valid.png,Almaty_1.tif,EPSG:4326,12544,8960,1024,1024,1.0
179,Almaty_1_tile_00179,data/tiles/almaty/Almaty_1/images/Almaty_1_tile_00179.png,data/tiles/almaty/Almaty_1/metadata/Almaty_1_tile_00179.json,data/tiles/almaty/Almaty_1/valid_masks/Almaty_1_tile_00179_valid.png,Almaty_1.tif,EPSG:4326,13440,8960,1024,1024,1.0
180,Almaty_1_tile_00180,data/tiles/almaty/Almaty_1/images/Almaty_1_tile_00180.png,data/tiles/almaty/Almaty_1/metadata/Almaty_1_tile_00180.json,data/tiles/almaty/Almaty_1/valid_masks/Almaty_1_tile_00180_valid.png,Almaty_1.tif,EPSG:4326,14336,8960,1024,1024,0.89773
181,Almaty_1_tile_00181,data/tiles/almaty/Almaty_1/images/Almaty_1_tile_00181.png,data/tiles/almaty/Almaty_1/metadata/Almaty_1_tile_00181.json,data/tiles/almaty/Almaty_1/valid_masks/Almaty_1_tile_00181_valid.png,Almaty_1.tif,EPSG:4326,896,9856,1024,1024,0.66061
182,Almaty_1_tile_00182,data/tiles/almaty/Almaty_1/images/Almaty_1_tile_00182.png,data/tiles/almaty/Almaty_1/metadata/Almaty_1_tile_00182.json,data/tiles/almaty/Almaty_1/valid_masks/Almaty_1_tile_00182_valid.png,Almaty_1.tif,EPSG:4326,1792,9856,1024,1024,1.0
183,Almaty_1_tile_00183,data/tiles/almaty/Almaty_1/images/Almaty_1_tile_00183.png,data/tiles/almaty/Almaty_1/metadata/Almaty_1_tile_00183.json,data/tiles/almaty/Almaty_1/valid_masks/Almaty_1_tile_00183_valid.png,Almaty_1.tif,EPSG:4326,2688,9856,1024,1024,1.0
184,Almaty_1_tile_00184,data/tiles/almaty/Almaty_1/images/Almaty_1_tile_00184.png,data/tiles/almaty/Almaty_1/metadata/Almaty_1_tile_00184.json,data/tiles/almaty/Almaty_1/valid_masks/Almaty_1_tile_00184_valid.png,Almaty_1.tif,EPSG:4326,3584,9856,1024,1024,1.0
185,Almaty_1_tile_00185,data/tiles/almaty/Almaty_1/images/Almaty_1_tile_00185.png,data/tiles/almaty/Almaty_1/metadata/Almaty_1_tile_00185.json,data/tiles/almaty/Almaty_1/valid_masks/Almaty_1_tile_00185_valid.png,Almaty_1.tif,EPSG:4326,4480,9856,1024,1024,1.0
186,Almaty_1_tile_00186,data/tiles/almaty/Almaty_1/images/Almaty_1_tile_00186.png,data/tiles/almaty/Almaty_1/metadata/Almaty_1_tile_00186.json,data/tiles/almaty/Almaty_1/valid_masks/Almaty_1_tile_00186_valid.png,Almaty_1.tif,EPSG:4326,5376,9856,1024,1024,1.0
187,Almaty_1_tile_00187,data/tiles/almaty/Almaty_1/images/Almaty_1_tile_00187.png,data/tiles/almaty/Almaty_1/metadata/Almaty_1_tile_00187.json,data/tiles/almaty/Almaty_1/valid_masks/Almaty_1_tile_00187_valid.png,Almaty_1.tif,EPSG:4326,6272,9856,1024,1024,0.99691
188,Almaty_1_tile_00188,data/tiles/almaty/Almaty_1/images/Almaty_1_tile_00188.png,data/tiles/almaty/Almaty_1/metadata/Almaty_1_tile_00188.json,data/tiles/almaty/Almaty_1/valid_masks/Almaty_1_tile_00188_valid.png,Almaty_1.tif,EPSG:4326,7168,9856,1024,1024,0.95432
189,Almaty_1_tile_00189,data/tiles/almaty/Almaty_1/images/Almaty_1_tile_00189.png,data/tiles/almaty/Almaty_1/metadata/Almaty_1_tile_00189.json,data/tiles/almaty/Almaty_1/valid_masks/Almaty_1_tile_00189_valid.png,Almaty_1.tif,EPSG:4326,8064,9856,1024,1024,0.89539
190,Almaty_1_tile_00190,data/tiles/almaty/Almaty_1/images/Almaty_1_tile_00190.png,data/tiles/almaty/Almaty_1/metadata/Almaty_1_tile_00190.json,data/tiles/almaty/Almaty_1/valid_masks/Almaty_1_tile_00190_valid.png,Almaty_1.tif,EPSG:4326,8960,9856,1024,1024,0.83645
191,Almaty_1_tile_00191,data/tiles/almaty/Almaty_1/images/Almaty_1_tile_00191.png,data/tiles/almaty/Almaty_1/metadata/Almaty_1_tile_00191.json,data/tiles/almaty/Almaty_1/valid_masks/Almaty_1_tile_00191_valid.png,Almaty_1.tif,EPSG:4326,9856,9856,1024,1024,0.77752
192,Almaty_1_tile_00192,data/tiles/almaty/Almaty_1/images/Almaty_1_tile_00192.png,data/tiles/almaty/Almaty_1/metadata/Almaty_1_tile_00192.json,data/tiles/almaty/Almaty_1/valid_masks/Almaty_1_tile_00192_valid.png,Almaty_1.tif,EPSG:4326,10752,9856,1024,1024,0.71858
193,Almaty_1_tile_00193,data/tiles/almaty/Almaty_1/images/Almaty_1_tile_00193.png,data/tiles/almaty/Almaty_1/metadata/Almaty_1_tile_00193.json,data/tiles/almaty/Almaty_1/valid_masks/Almaty_1_tile_00193_valid.png,Almaty_1.tif,EPSG:4326,11648,9856,1024,1024,0.65965
194,Almaty_1_tile_00194,data/tiles/almaty/Almaty_1/images/Almaty_1_tile_00194.png,data/tiles/almaty/Almaty_1/metadata/Almaty_1_tile_00194.json,data/tiles/almaty/Almaty_1/valid_masks/Almaty_1_tile_00194_valid.png,Almaty_1.tif,EPSG:4326,12544,9856,1024,1024,0.60071
195,Almaty_1_tile_00195,data/tiles/almaty/Almaty_1/images/Almaty_1_tile_00195.png,data/tiles/almaty/Almaty_1/metadata/Almaty_1_tile_00195.json,data/tiles/almaty/Almaty_1/valid_masks/Almaty_1_tile_00195_valid.png,Almaty_1.tif,EPSG:4326,13440,9856,1024,1024,0.54178
196,Almaty_1_tile_00196,data/tiles/almaty/Almaty_1/images/Almaty_1_tile_00196.png,data/tiles/almaty/Almaty_1/metadata/Almaty_1_tile_00196.json,data/tiles/almaty/Almaty_1/valid_masks/Almaty_1_tile_00196_valid.png,Almaty_1.tif,EPSG:4326,14336,9856,1024,1024,0.4748
197,Almaty_1_tile_00197,data/tiles/almaty/Almaty_1/images/Almaty_1_tile_00197.png,data/tiles/almaty/Almaty_1/metadata/Almaty_1_tile_00197.json,data/tiles/almaty/Almaty_1/valid_masks/Almaty_1_tile_00197_valid.png,Almaty_1.tif,EPSG:4326,896,10752,1024,507,0.55817
198,Almaty_1_tile_00198,data/tiles/almaty/Almaty_1/images/Almaty_1_tile_00198.png,data/tiles/almaty/Almaty_1/metadata/Almaty_1_tile_00198.json,data/tiles/almaty/Almaty_1/valid_masks/Almaty_1_tile_00198_valid.png,Almaty_1.tif,EPSG:4326,1792,10752,1024,507,0.8744
199,Almaty_1_tile_00199,data/tiles/almaty/Almaty_1/images/Almaty_1_tile_00199.png,data/tiles/almaty/Almaty_1/metadata/Almaty_1_tile_00199.json,data/tiles/almaty/Almaty_1/valid_masks/Almaty_1_tile_00199_valid.png,Almaty_1.tif,EPSG:4326,2688,10752,1024,507,0.75538
200,Almaty_1_tile_00200,data/tiles/almaty/Almaty_1/images/Almaty_1_tile_00200.png,data/tiles/almaty/Almaty_1/metadata/Almaty_1_tile_00200.json,data/tiles/almaty/Almaty_1/valid_masks/Almaty_1_tile_00200_valid.png,Almaty_1.tif,EPSG:4326,3584,10752,1024,507,0.63634
201,Almaty_1_tile_00201,data/tiles/almaty/Almaty_1/images/Almaty_1_tile_00201.png,data/tiles/almaty/Almaty_1/metadata/Almaty_1_tile_00201.json,data/tiles/almaty/Almaty_1/valid_masks/Almaty_1_tile_00201_valid.png,Almaty_1.tif,EPSG:4326,4480,10752,1024,507,0.51731
202,Almaty_1_tile_00202,data/tiles/almaty/Almaty_1/images/Almaty_1_tile_00202.png,data/tiles/almaty/Almaty_1/metadata/Almaty_1_tile_00202.json,data/tiles/almaty/Almaty_1/valid_masks/Almaty_1_tile_00202_valid.png,Almaty_1.tif,EPSG:4326,5376,10752,1024,507,0.39827
203,Almaty_1_tile_00203,data/tiles/almaty/Almaty_1/images/Almaty_1_tile_00203.png,data/tiles/almaty/Almaty_1/metadata/Almaty_1_tile_00203.json,data/tiles/almaty/Almaty_1/valid_masks/Almaty_1_tile_00203_valid.png,Almaty_1.tif,EPSG:4326,6272,10752,1024,507,0.27924
204,Almaty_1_tile_00204,data/tiles/almaty/Almaty_1/images/Almaty_1_tile_00204.png,data/tiles/almaty/Almaty_1/metadata/Almaty_1_tile_00204.json,data/tiles/almaty/Almaty_1/valid_masks/Almaty_1_tile_00204_valid.png,Almaty_1.tif,EPSG:4326,7168,10752,1024,507,0.16021
